d,replica,semilla,intentos,tiempo_ms
3,0,317159,4943,493.927399860695
3,1,317160,2480,237.72630002349615
3,2,317161,4477,424.7347000055015
3,3,317162,5776,528.9346999488771
3,4,317163,10914,951.4983000699431
3,5,317164,8862,832.3731999844313
3,6,317165,783,71.78879994899035
3,7,317166,7598,697.6439000573009
3,8,317167,1959,176.45360017195344
3,9,317168,773,75.53360005840659
3,10,317169,365,38.1158001255244
3,11,317170,6440,612.9621998406947
3,12,317171,156,15.326399821788073
3,13,317172,7281,678.2174999825656
3,14,317173,7553,704.1621999815106
3,15,317174,127,11.245399946346879
3,16,317175,8666,764.2777999863029
3,17,317176,3223,303.0838998965919
3,18,317177,2384,204.0488999336958
3,19,317178,13130,1193.0072999093682
3,20,317179,1730,141.82729995809495
3,21,317180,4288,335.41680010966957
3,22,317181,6885,516.3678999524564
3,23,317182,640,48.6345998942852
3,24,317183,4143,276.99839998967946
3,25,317184,4636,500.0233999453485
3,26,317185,1841,191.24200008809566
3,27,317186,605,69.00420016609132
3,28,317187,5276,513.7392000760883
3,29,317188,12301,926.3776999432594
3,30,317189,3148,255.0196999218315
3,31,317190,3950,352.5668000802398
3,32,317191,2325,175.83040008321404
3,33,317192,169,15.951199922710657
3,34,317193,5742,444.2070000804961
3,35,317194,6536,490.5191999860108
3,36,317195,324,31.366099836304784
3,37,317196,5487,421.3483000639826
3,38,317197,932,59.263400034978986
3,39,317198,6559,573.2288002036512
3,40,317199,5167,429.83290017582476
3,41,317200,817,55.37300021387637
3,42,317201,308,26.698000030592084
3,43,317202,3496,304.19340007938445
3,44,317203,12407,1004.5913001522422
3,45,317204,759,55.93169992789626
3,46,317205,5262,373.302600113675
3,47,317206,1291,80.9936998412013
3,48,317207,3927,252.5854001287371
3,49,317208,9135,676.1171000543982
3,0,20263825,5586,553.4004999790341
3,1,20263826,7572,393.9060000702739
3,2,20263827,254,14.39690007828176
3,3,20263828,7384,453.98710016161203
3,4,20263829,5884,342.4774999730289
3,5,20263830,134,12.3004000633955
3,6,20263831,5754,307.58120003156364
3,7,20263832,2316,131.0714001301676
3,8,20263833,918,49.00210001505911
3,9,20263834,2672,161.5619999356568
3,10,20263835,6752,347.5573000032455
3,11,20263836,7351,392.72350003011525
3,12,20263837,6594,340.16799996607006
3,13,20263838,1083,65.79839996993542
3,14,20263839,1185,70.3706000931561
3,15,20263840,5342,317.09359982050955
3,16,20263841,6411,368.87110001407564
3,17,20263842,557,25.22310009226203
3,18,20263843,3118,175.07880018092692
3,19,20263844,832,46.92639992572367
3,20,20263845,886,69.95229981839657
3,21,20263846,3860,215.9072000067681
3,22,20263847,1974,85.95629991032183
3,23,20263848,8927,546.4747999794781
3,24,20263849,3057,194.4522000849247
3,25,20263850,7661,435.93910010531545
3,26,20263851,4922,325.4813998937607
3,27,20263852,654,44.36550009995699
3,28,20263853,2845,217.28069987148046
3,29,20263854,4084,253.41759994626045
3,30,20263855,1343,112.9640000872314
3,31,20263856,5142,275.53450013510883
3,32,20263857,7936,575.1999001950026
3,33,20263858,7626,551.7382000107318
3,34,20263859,1250,110.26300000958145
3,35,20263860,2527,202.7946999296546
3,36,20263861,849,50.44789984822273
3,37,20263862,8347,620.8827998489141
3,38,20263863,535,51.3245000038296
3,39,20263864,6756,520.9717000834644
3,40,20263865,7788,567.340699955821
3,41,20263866,6149,553.2400000374764
3,42,20263867,156,13.326300075277686
3,43,20263868,16389,1105.8594000060111
3,44,20263869,4757,390.57349995709956
3,45,20263870,5768,499.2333999834955
3,46,20263871,583,42.47720004059374
3,47,20263872,7104,486.86900013126433
3,48,20263873,908,65.21919998340309
3,49,20263874,6302,461.3000999670476
4,0,20264825,4996,270.09960007853806
4,1,20264826,58275,4227.500600041822
4,2,20264827,112682,7890.88139985688
4,3,20264828,19348,1444.2510998342186
4,4,20264829,15904,1088.0338998977095
4,5,20264830,20749,1444.1351999994367
4,6,20264831,91237,5873.411500127986
4,7,20264832,70702,4412.8493999596685
4,8,20264833,93422,5993.092499906197
4,9,20264834,124194,7955.993699841201
4,10,20264835,49706,3025.8186000864953
4,11,20264836,23833,1837.978000054136
4,12,20264837,11548,889.7658998612314
4,13,20264838,80857,5767.493800027296
4,14,20264839,36927,2439.7719998378307
4,15,20264840,92843,7176.224399823695
4,16,20264841,29873,1980.371099896729
4,17,20264842,84523,5541.0635999869555
4,18,20264843,14259,988.5966000147164
4,19,20264844,215153,15156.001700088382
4,20,20264845,88715,5721.958099864423
4,21,20264846,47770,3034.657800104469
4,22,20264847,12158,805.7191998232156
4,23,20264848,188673,13292.280599940568
4,24,20264849,131835,9881.306099938229
4,25,20264850,1304,86.65419998578727
4,26,20264851,175541,11571.666599949822
4,27,20264852,47908,2698.676799889654
4,28,20264853,7830,486.7964000441134
4,29,20264854,28438,1865.6081999652088
4,30,20264855,38441,2403.2926000654697
4,31,20264856,28252,1605.6372001767159
4,32,20264857,113891,6643.642999930307
4,33,20264858,19196,1091.7432000860572
4,34,20264859,9039,499.537399969995
4,35,20264860,1567,126.80069985799491
4,36,20264861,87466,5209.157399833202
4,37,20264862,172140,9836.099199950695
4,38,20264863,43412,2511.2235001288354
4,39,20264864,895,42.386600049212575
4,40,20264865,41602,2143.298000097275
4,41,20264866,84758,5073.364600073546
4,42,20264867,5134,307.20659997314215
4,43,20264868,133633,7884.402999887243
4,44,20264869,26430,1485.272000078112
4,45,20264870,25329,1724.7375000733882
4,46,20264871,4824,369.26140007562935
4,47,20264872,48449,3451.199500123039
4,48,20264873,111152,7557.724799960852
4,49,20264874,7985,499.08960005268455
5,0,20265825,232129,16514.232399873435
5,1,20265826,735667,51585.1586998906
5,2,20265827,2283808,161318.17270000465
5,3,20265828,1788415,151028.12730008736
5,4,20265829,1232925,92634.07650007866
5,5,20265830,553490,39258.732500020415
5,6,20265831,357103,23481.355600059032
5,7,20265832,950752,57617.00839991681
5,8,20265833,1528735,118666.63339990191
5,9,20265834,825581,63001.355400076136
6,0,20266825,29637274,2189313.690500101
6,1,20266826,13672607,669963.9927998651
6,2,20266827,34236663,1692435.137100052
6,3,20266828,173244,8443.880999926478
6,4,20266829,4614698,189552.6922000572
7,0,20267825,218920444,8867878.010799875
